1,"Dry Beets",1
2,"Fierce Greens",2
3,"Heavy Chicken",2
4,"Yummy Fruit",3
5,"Green Apples",4
6,"Smooth Mushrooms",4
7,"Quaint Beef",4
8,"Shaky Honey",5
9,"Large Mushrooms",5
10,"Black Apples",5
11,"Gigantic Bread",6
12,"Gorgeous Fish",6
13,"Curved Pretzel",6
14,"Stupendous Carrots",7
15,"Comfortable Pretzel",8
16,"Obedient Fish",8
17,"Defeated Apples",8
18,"Yellow Bread",8
19,"Jealous Burrito",9
20,"Tall Pretzel",9
21,"Embarrassed Bread",9
22,"Purring Beets",9
23,"Calm Carrots",10
24,"Fierce Beef",10
25,"Helpless Bread",10
26,"Yummy Bread",10
27,"Broken Beets",10
28,"Quiet Honey",11
29,"Crazy Fish",11
30,"Depressed Beets",11
31,"Sore Chicken",11
32,"Disgusted Carrots",11
33,"Tired Bread",12
34,"Clumsy Chicken",12
35,"Massive Apples",12
36,"Mute Beef",13
37,"Grand Honey",13
38,"Bland Burrito",13
39,"Horrible Burrito",14
40,"Bad Chicken",14
41,"Thundering Carrots",15
42,"Grubby Beef",15
43,"Skinny Mushrooms",15
44,"Repulsive Chicken",15
45,"Bland Chicken",16
46,"Miniature Fish",16
47,"Delicious Carrots",16
48,"Robust Burrito",16
49,"M Greens",16
50,"Quaint Bread",17
51,"Successful Apples",18
52,"Sticky Fish",18
53,"– Bread",18
54,"Miniature Beets",18
55,"Delightful Chicken",19
56,"Nom nom Beef",19
57,"Anxious Carrots",19
58,"Thoughtless Honey",20
59,"Cheerful Fish",21
60,"Colossal Beets",21
61,"Amused Apples",21
62,"Righteous Fish",21
63,"Rainy Bread",21
64,"Fresh Apples",22
65,"Worried Pretzel",22
66,"Homeless Honey",22
67,"Loose Fish",22
68,"Better Apples",23
69,"Swift Pretzel",23
70,"Annoyed Fish",23
71,"Mighty Beef",23
72,"Ordinary Honey",23
73,"Jolly Greens",24
74,"Amused Beets",25
75,"Obnoxious Fruit",26
76,"Tough Beets",26
77,"Harsh Greens",26
78,"High Mushrooms",27
79,"Weak Fish",27
80,"Steep Beets",27
81,"Worried Pretzel",27
82,"Dangerous Mushrooms",27
83,"Silly Beef",28
84,"Hushed Honey",28
85,"Agreeable Honey",28
86,"Incredible Burrito",29
87,"Combative Bread",29
88,"Clumsy Chicken",29
89,"Pickled Mushrooms",30
90,"Tense Greens",30
91,"Spicy Mushrooms",30
92,"Frightened Honey",31
93,"Upset Honey",31
94,"Quaint Greens",31
95,"Dirty Mushrooms",31
96,"Harsh Carrots",31
97,"Jolly Beef",32
98,"Watery Pretzel",32
99,"Hot Beef",32
100,"Blue Chicken",32
101,"Mute Chicken",33
102,"Rainy Fish",33
103,"Short Greens",33
104,"Nutty Pretzel",34
105,"Happy Mushrooms",34
106,"Tan Fruit",34
107,"Colossal Greens",34
108,"Perfect Apples",34
109,"Late Mushrooms",35
110,"Smiling Beef",35
111,"Spotty Chicken",35
112,"Jolly Beef",35
113,"Tall Carrots",36
114,"Short Beets",36
115,"Stupendous Greens",36
116,"Better Beef",36
117,"Jolly Apples",36
118,"Dry Beef",37
119,"Rotten Bread",38
120,"Heavy Fruit",38
121,"Immense Honey",38
122,"Lazy Greens",38
123,"Kickin' Pretzel",38
124,"Silly Greens",39
125,"Panicky Bread",39
126,"Jittery Mushrooms",39
127,"Helpful Fish",40
128,"Nice Mushrooms",40
129,"Friendly Burrito",40
130,"Bitter Pretzel",40
131,"Tasteless Greens",40
132,"Sharp Chicken",41
133,"– Fish",41
134,"High Fish",41
135,"Bland Apples",41
136,"Pretty Fruit",42
137,"Great Bread",42
138,"Tough Beets",42
139,"Fluffy Beef",42
140,"Splendid Honey",42
141,"Hurt Honey",43
142,"Precious Fish",43
143,"Striped Beef",43
144,"Husky Beets",43
145,"Pretty Beets",44
146,"Watery Fish",44
147,"Robust Beef",45
148,"Helpless Beets",45
149,"Heavy Honey",45
150,"Rotten Bread",45
151,"Exuberant Mushrooms",45
152,"Many Beef",46
153,"Elated Pretzel",46
154,"Grubby Beets",46
155,"Frightened Beets",46
156,"Faithful Fruit",47
157,"Square Honey",47
158,"Grumpy Fruit",48
159,"Tight Bread",48
160,"Empty Carrots",49
161,"Fantastic Beef",49
162,"Hungry Honey",49
163,"Greasy Beets",49
164,"Squealing Apples",50
165,"Fresh Apples",52
166,"Depressed Carrots",54
167,"Kind Beef",54
168,"Loose Beets",54
169,"Grubby Beets",54
170,"Wasteful Burrito",54
171,"Steep Honey",56
172,"Repulsive Greens",56
173,"Swift Carrots",56
174,"Homeless Pretzel",56
175,"Numerous Beets",56
176,"Purring Apples",57
177,"Straight Honey",57
178,"Enthusiastic Bread",58
179,"Dangerous Fish",58
180,"Ripe Pretzel",59
181,"Purring Beets",59
182,"Mysterious Greens",59
183,"Embarrassed Bread",59
184,"Mute Beef",59
185,"Tiny Beets",60
186,"Big Carrots",60
187,"Moaning Honey",60
188,"Dusty Honey",61
189,"Frantic Beets",61
190,"Tender Bread",62
191,"Odd Pretzel",62
192,"Crazy Pretzel",62
193,"Resonant Beets",62
194,"Lively Apples",62
195,"Tricky Bread",63
196,"S Bread",64
197,"Shivering Fruit",64
198,"Frightened Fish",64
199,"Annoyed Bread",64
200,"Young Beef",64
201,"Jittery Pretzel",65
202,"Plastic Honey",65
203,"Shaky Greens",66
204,"Charming Apples",66
205,"Curved Mushrooms",67
206,"Healthy Pretzel",67
207,"Purring Apples",67
208,"Pickled Fruit",68
209,"Fluffy Fruit",69
210,"Strange Pretzel",69
211,"Faint Fruit",69
212,"Lazy Bread",70
213,"Kind Fish",70
214,"Thirsty Pretzel",70
215,"Successful Fruit",70
216,"Cheerful Bread",70
217,"Spicy Fruit",71
218,"Scrumptious Greens",71
219,"Gentle Carrots",71
220,"Lucky Mushrooms",71
221,"Lonely Honey",71
222,"Hard Bread",72
223,"Mysterious Bread",72
224,"Robust Fruit",72
225,"Horrible Beef",72
226,"Soft Apples",72
227,"Quaint Fish",73
228,"Uptight Bread",73
229,"Frantic Pretzel",74
230,"Hard Bread",74
231,"Excited Fruit",74
232,"Lazy Carrots",74
233,"Incredible Chicken",75
234,"Wonderful Honey",75
235,"Faint Greens",76
236,"Robust Mushrooms",76
237,"Splendid Beef",76
238,"Fluffy Chicken",77
239,"Foolish Beets",77
240,"Colossal Carrots",77
241,"Frightened Fish",78
242,"Short Chicken",79
243,"Charming Beets",81
244,"Hilarious Apples",81
245,"Strong Beef",82
246,"Weak Beets",82
247,"Faint Honey",82
248,"Kind Fruit",83
249,"Strong Pretzel",84
250,"Faint Fish",84
251,"Round Pretzel",85
252,"Charming Beef",85
253,"Curved Beef",85
254,"Salty Bread",85
255,"Selfish Chicken",85
256,"Purring Honey",86
257,"Hot Chicken",86
258,"Empty Burrito",86
259,"Light Chicken",86
260,"Scary Beef",86
261,"Wide-eyed Fish",87
262,"Mighty Apples",87
263,"Tasteless Burrito",87
264,"R Greens",88
265,"Relieved Fruit",88
266,"Boring Pretzel",89
267,"Big Carrots",89
268,"Miniature Fruit",89
269,"Elated Carrots",89
270,"Incredible Bread",89
271,"Jealous Apples",90
272,"Frightened Greens",92
273,"Harsh Honey",92
274,"Elated Carrots",92
275,"Lonely Honey",92
276,"Edible Mushrooms",92
277,"Steep Burrito",93
278,"– Mushrooms",94
279,"Terrible Fruit",95
280,"Rotten Fruit",95
281,"Ugly Bread",95
282,"Husky Greens",95
283,"Grubby Burrito",95
284,"Curly Fruit",96
285,"Hungry Greens",97
286,"Rapid Beets",98
287,"Strange Honey",98
288,"Relieved Fish",99
289,"Better Beef",99
290,"Thirsty Pretzel",99
291,"Sharp Bread",99
292,"Grubby Apples",99
293,"Combative Carrots",100
294,"Fair Fruit",100
295,"Cool Fish",100
296,"Bad Pretzel",100
297,"Hurt Burrito",100
298,"Troubled Burrito",101
299,"Fluffy Beef",101
300,"Whispering Chicken",101
301,"Embarrassed Carrots",102
302,"Numerous Fruit",103
303,"Pickled Bread",103
304,"Greasy Beets",103
305,"Deafening Beets",104
306,"Grieving Carrots",105
307,"Empty Apples",105
308,"Curly Fish",105
309,"Amused Greens",105
310,"Salty Carrots",106
311,"Grubby Greens",106
312,"Gorgeous Mushrooms",106
313,"Solid Beef",106
314,"Nasty Apples",106
315,"Sour Fruit",107
316,"Worried Fruit",107
317,"Fresh Carrots",107
318,"Brave Honey",107
319,"Flaky Apples",107
320,"Worried Fruit",108
321,"Late Pretzel",108
322,"Sore Apples",108
323,"Grubby Mushrooms",109
324,"Silent Bread",109
325,"R Fruit",110
326,"Scattered Burrito",110
327,"Silly Beets",110
328,"Skinny Chicken",110
329,"New Fruit",111
330,"Disgusted Greens",111
331,"Mute Fish",111
332,"Yellow Beef",112
333,"Ratty Beef",112
334,"Foolish Honey",112
335,"Grand Fruit",112
336,"Tart Fish",113
337,"Grand Apples",113
338,"Fluffy Beef",113
339,"Victorious Carrots",114
340,"Melted Honey",114
341,"Calm Burrito",115
342,"– Apples",115
343,"Weak Greens",115
344,"Cooperative Beef",116
345,"Tasteless Greens",116
346,"Orange Burrito",116
347,"Grubby Burrito",117
348,"Spicy Pretzel",117
349,"Sticky Chicken",117
350,"Black Chicken",117
351,"Tart Pretzel",117
352,"Rough Apples",120
353,"Tan Fish",120
354,"Fine Fruit",120
355,"Defeated Greens",120
356,"Scattered Pretzel",121
357,"Depressed Fish",121
358,"Quiet Apples",121
359,"Beautiful Fish",122
360,"Mammoth Bread",122
361,"Upset Mushrooms",122
362,"Helpless Honey",122
363,"Thundering Carrots",122
364,"Spotty Mushrooms",123
365,"Bad Carrots",123
366,"Slow Mushrooms",123
367,"Fuzzy Pretzel",125
368,"Swift Mushrooms",125
369,"Early Pretzel",125
370,"Empty Honey",126
371,"Dull Bread",127
372,"– Fruit",127
373,"Righteous Beef",127
374,"Big Beets",127
375,"Grand Burrito",127
376,"Faint Greens",128
377,"Nervous Chicken",129
378,"Quick Greens",131
379,"Faint Apples",132
380,"Smiling Mushrooms",132
381,"Charming Bread",132
382,"Damp Mushrooms",132
383,"Short Burrito",132
384,"Straight Apples",133
385,"Old Carrots",133
386,"Cuddly Beets",133
387,"Defeated Greens",133
388,"Horrible Mushrooms",134
389,"Scrawny Honey",134
390,"Calm Burrito",134
391,"Silky Pretzel",135
392,"Heavy Apples",135
393,"Worried Mushrooms",135
394,"Tense Burrito",135
395,"Heavy Carrots",135
396,"Nasty Apples",136
397,"Shivering Pretzel",136
398,"Purring Greens",138
399,"Selfish Burrito",138
400,"– Honey",138
401,"Brave Bread",138
402,"Bland Pretzel",138
403,"Curly Burrito",139
404,"Early Mushrooms",139
405,"Brave Fish",139
406,"Hissing Greens",140
407,"Swift Greens",141
408,"Whispering Honey",142
409,"Rapid Beef",142
410,"Handsome Beef",142
411,"Rotten Greens",143
412,"Shaggy Greens",143
413,"Juicy Fruit",143
414,"Calm Beef",143
415,"Cruel Carrots",143
416,"Rainy Chicken",144
417,"Fluffy Apples",144
418,"Odd Apples",144
419,"Lonely Greens",144
420,"Ancient Greens",145
421,"Pickled Fish",145
422,"Empty Beef",145
423,"Wet Fruit",145
424,"Screeching Greens",146
425,"Hungry Apples",146
426,"Greasy Carrots",146
427,"Amused Fish",147
428,"Fuzzy Beets",147
429,"M Beef",148
430,"Sticky Honey",148
431,"Ugliest Beets",148
432,"Late Fruit",148
433,"Jumpin' Beef",148
434,"Courageous Apples",150
435,"Greasy Bread",150
436,"Strange Beets",150
437,"Melted Bread",150
438,"Incredible Carrots",150
439,"Plain Apples",151
440,"Silent Greens",152
441,"Handsome Burrito",152
442,"Tricky Honey",153
443,"Naughty Fish",153
444,"Victorious Beets",153
445,"Deafening Fish",153
446,"Tan Mushrooms",154
447,"Scrawny Mushrooms",154
448,"Faint Fruit",154
449,"Uptight Fish",155
450,"Dizzy Apples",155
451,"Short Honey",155
452,"Cooperative Fruit",156
453,"Dizzy Fruit",156
454,"Jealous Carrots",156
455,"Dry Beets",156
456,"Thirsty Fruit",156
457,"Strange Mushrooms",157
458,"Stingy Pretzel",157
459,"Ancient Carrots",157
460,"Delightful Beets",157
461,"Flat Chicken",158
462,"Splendid Fruit",158
463,"Cuddly Chicken",158
464,"Cruel Fruit",158
465,"Plain Chicken",159
466,"Stale Carrots",159
467,"Selfish Bread",160
468,"Jolly Mushrooms",160
469,"Bright Burrito",160
470,"Fluffy Burrito",160
471,"Cruel Beets",160
472,"Many Fish",162
473,"Spicy Greens",162
474,"Nosy Burrito",162
475,"Incredible Carrots",162
476,"Rough Honey",163
477,"Helpless Carrots",163
478,"Blue Pretzel",163
479,"Slimy Fruit",163
480,"Black Burrito",163
481,"Afraid Fruit",164
482,"Breezy Apples",164
483,"Disgusted Burrito",164
484,"Fat Burrito",164
485,"Depressed Pretzel",164
486,"Sad Carrots",165
487,"– Honey",165
488,"Fine Beef",165
489,"Cuddly Fish",165
490,"Rainy Fish",165
491,"Tired Pretzel",166
492,"Tricky Mushrooms",166
493,"Flat Chicken",166
494,"Filthy Fruit",166
495,"Smooth Fish",167
496,"Greasy Apples",167
497,"Uneven Mushrooms",167
498,"Massive Carrots",167
499,"Boom-town Carrots",168
500,"Thoughtless Beets",169
501,"Dull Honey",170
502,"Obnoxious Greens",170
503,"Tired Apples",170
504,"Sharp Chicken",171
505,"Dull Pretzel",171
506,"Faint Beef",171
507,"Plain Beets",172
508,"Early Burrito",172
509,"Scrawny Burrito",172
510,"Sticky Burrito",174
511,"Homeless Honey",174
512,"Hot Chicken",174
513,"Tame Beets",175
514,"Kind Greens",175
515,"Tiny Chicken",176
516,"Early Burrito",176
517,"Fluffy Fish",176
518,"Blue Pretzel",176
519,"Rough Beef",177
520,"Brief Apples",177
521,"Mighty Bread",177
522,"Scrawny Beets",177
523,"Depressed Burrito",178
524,"Cuddly Pretzel",178
525,"Big Honey",178
526,"Jittery Carrots",178
527,"Hissing Apples",178
528,"Annoyed Fish",179
529,"Dry Fish",179
530,"Hissing Fish",179
531,"Immense Carrots",181
532,"Massive Fruit",182
533,"Charming Pretzel",182
534,"Comfortable Apples",182
535,"Successful Beets",183
536,"Handsome Pretzel",183
537,"Shrill Fish",183
538,"Nom nom Apples",183
539,"Plastic Apples",183
540,"Tricky Apples",184
541,"Curly Fish",185
542,"Successful Beets",186
543,"Raspy Burrito",186
544,"Silky Chicken",187
545,"Tasteless Burrito",187
546,"Whispering Beef",187
547,"Broken Bread",187
548,"Kickin' Greens",189
549,"Melted Greens",189
550,"Hissing Greens",189
551,"Bitter Pretzel",189
552,"Tart Beef",189
553,"Nervous Fish",190
554,"Numerous Pretzel",190
555,"Modern Carrots",191
556,"Upset Apples",191
557,"Calm Bread",191
558,"Terrible Beef",191
559,"Rare Burrito",192
560,"Shrill Beets",192
561,"Hushed Chicken",192
562,"Helpless Beef",192
563,"Swift Carrots",193
564,"Uneven Burrito",193
565,"Evil Burrito",193
566,"Breezy Fruit",193
567,"Arrogant Beets",193
568,"Quick Fish",194
569,"Frightened Greens",194
570,"Kind Bread",195
571,"Dusty Fish",195
572,"Panicky Apples",195
573,"Annoyed Greens",195
574,"Average Fish",195
575,"Breezy Apples",196
576,"Righteous Greens",196
577,"Narrow Apples",196
578,"Giant Beef",196
579,"Giant Beef",197
580,"Pleasant Bread",197
581,"Upset Carrots",197
582,"– Honey",198
583,"Frantic Beef",198
584,"Tall Pretzel",198
585,"Whispering Chicken",198
586,"Fuzzy Carrots",200
587,"Thundering Honey",200
588,"Creepy Beef",201
589,"Fluffy Beef",201
590,"Dangerous Mushrooms",202
591,"Tender Fruit",203
592,"Solid Chicken",203
593,"Breezy Apples",204
594,"Many Carrots",204
595,"Round Chicken",204
596,"Late Beets",204
597,"Massive Fish",205
598,"Grubby Fish",207
599,"Small Apples",207
600,"Nice Apples",207
601,"Deep Chicken",207
602,"Troubled Apples",208
603,"Miniature Beets",208
604,"Wooden Bread",208
605,"Shallow Fruit",208
606,"Tense Beets",208
607,"Melodic Chicken",209
608,"Late Beets",209
609,"Troubled Honey",209
610,"Slippery Burrito",209
611,"Mysterious Fruit",209
612,"Handsome Pretzel",210
613,"Flat Fruit",211
614,"Afraid Fish",211
615,"Shivering Apples",212
616,"Empty Greens",212
617,"Cool Mushrooms",212
618,"Foolish Beef",212
619,"Thundering Beef",213
620,"Juicy Carrots",214
621,"Friendly Beef",214
622,"Ugliest Fish",214
623,"Mammoth Pretzel",215
624,"Solid Greens",215
625,"Tame Apples",215
626,"Kind Chicken",216
627,"Steep Pretzel",216
628,"Lovely Burrito",216
629,"Repulsive Pretzel",216
630,"Victorious Pretzel",216
631,"Eager Fruit",217
632,"Many Honey",219
633,"Frantic Fruit",219
634,"Anxious Mushrooms",220
635,"Smooth Chicken",220
636,"Silky Mushrooms",220
637,"Filthy Fish",220
638,"Giant Greens",221
639,"Arrogant Beets",221
640,"Tasteless Beef",221
641,"Stale Fruit",221
642,"Brief Carrots",221
643,"Scary Beets",222
644,"Dangerous Carrots",222
645,"Splendid Bread",222
646,"Strong Greens",222
647,"Round Fish",222
648,"Low Pretzel",223
649,"Wonderful Pretzel",223
650,"Lively Beef",224
651,"Fluffy Bread",224
652,"Witty Beets",224
653,"Tender Greens",225
654,"Rainy Bread",225
655,"Outrageous Chicken",225
656,"Thundering Burrito",225
657,"Nasty Bread",226
658,"Striped Pretzel",227
659,"Funny Honey",228
660,"Husky Honey",229
661,"Moaning Apples",229
662,"Thundering Fish",229
663,"Thirsty Burrito",229
664,"Enthusiastic Fruit",229
665,"Round Apples",230
666,"Fuzzy Greens",230
667,"Determined Fish",230
668,"Mammoth Greens",231
669,"Foolish Honey",231
670,"Faint Pretzel",231
671,"Enthusiastic Beef",231
672,"Dull Fruit",231
673,"Mighty Fish",232
674,"Ordinary Mushrooms",232
675,"Anxious Chicken",233
676,"Broken Apples",233
677,"Harsh Fish",233
678,"Horrible Beets",233
679,"Prickly Honey",233
680,"Shallow Greens",234
681,"Solid Beets",235
682,"Empty Honey",235
683,"Thoughtless Carrots",236
684,"Great Honey",237
685,"Agreeable Pretzel",237
686,"Greasy Honey",237
687,"Angry Greens",237
688,"Fluffy Chicken",237
689,"Rainy Pretzel",239
690,"Cool Burrito",240
691,"Eager Fruit",240
692,"Repulsive Fish",240
693,"Hilarious Beef",240
694,"Combative Pretzel",240
695,"Moaning Beef",241
696,"Heavy Bread",241
697,"Embarrassed Mushrooms",241
698,"Few Beets",241
699,"Uneven Burrito",241
700,"Repulsive Beef",242
701,"Anxious Greens",242
702,"Smooth Apples",242
703,"Deep Carrots",242
704,"Obnoxious Pretzel",242
705,"Low Fish",243
706,"Kickin' Honey",243
707,"Lively Carrots",243
708,"Hard Chicken",244
709,"Yellow Pretzel",244
710,"Happy Greens",244
711,"Tart Carrots",244
712,"Lucky Beets",245
713,"Grubby Pretzel",245
714,"S Bread",245
715,"Lonely Carrots",245
716,"Ugly Apples",246
717,"Grand Chicken",246
718,"Kickin' Beets",247
719,"Panicky Fruit",247
720,"Splendid Beef",247
721,"Greasy Fruit",247
722,"Frightened Chicken",248
723,"Greasy Carrots",248
724,"Blue Apples",248
725,"Great Carrots",248
726,"Grand Beef",249
727,"Cruel Mushrooms",249
728,"Screeching Apples",249
729,"Gentle Honey",250
730,"– Carrots",250
731,"Tasteless Fish",250
732,"Thoughtful Honey",250
733,"Green Bread",251
734,"Gorgeous Honey",251
735,"Tart Pretzel",251
736,"Prickly Carrots",251
737,"Melted Greens",252
738,"Resonant Fruit",252
739,"Lazy Fish",252
740,"Screeching Pretzel",253
741,"Hungry Greens",253
742,"Ripe Beets",254
743,"Lazy Beets",254
744,"Agreeable Fish",254
745,"R Burrito",254
746,"Fast Bread",256
747,"Square Beets",256
748,"Jolly Carrots",257
749,"Slow Honey",257
750,"Obnoxious Chicken",257
751,"Quickest Chicken",258
752,"Mysterious Apples",259
753,"Outrageous Apples",259
754,"Colossal Pretzel",259
755,"Helpful Chicken",260
756,"Curly Chicken",260
757,"Righteous Bread",261
758,"Hurt Bread",261
759,"Crazy Carrots",261
760,"Flat Pretzel",262
761,"Fuzzy Fish",262
762,"Disgusted Bread",262
763,"Eager Greens",262
764,"Plastic Bread",263
765,"Thirsty Fruit",263
766,"Anxious Beef",263
767,"Bright Honey",263
768,"Lucky Carrots",264
769,"Witty Fish",264
770,"Obnoxious Beets",264
771,"Young Apples",265
772,"Vivacious Mushrooms",265
773,"Square Apples",265
774,"Quiet Apples",267
775,"Foolish Pretzel",268
776,"Kickin' Mushrooms",268
777,"Straight Honey",268
778,"Disgusted Fruit",268
779,"Jittery Greens",268
780,"Harsh Mushrooms",269
781,"Wonderful Honey",269
782,"Plain Carrots",269
783,"Filthy Greens",269
784,"Weary Honey",270
785,"Lovely Beets",271
786,"Thoughtful Honey",271
787,"Young Greens",271
788,"Wasteful Chicken",271
789,"Sweet Beef",271
790,"High Burrito",272
791,"Friendly Carrots",273
792,"Tough Chicken",274
793,"Cool Beets",274
794,"Kickin' Burrito",274
795,"Shaky Carrots",274
796,"Massive Beef",274
797,"Dry Beef",275
798,"Selfish Beef",275
799,"Cooing Bread",275
800,"Rough Apples",275
801,"Spotty Greens",276
802,"Splendid Mushrooms",276
803,"Tame Honey",276
804,"Resonant Beef",276
805,"Nice Mushrooms",276
806,"Square Beef",277
807,"Greasy Pretzel",277
808,"Broad Pretzel",278
809,"Better Beef",279
810,"Confused Carrots",279
811,"Zany Burrito",279
812,"Quickest Chicken",279
813,"Cold Bread",279
814,"R Apples",280
815,"Short Mushrooms",280
816,"Blue Bread",280
817,"Victorious Mushrooms",283
818,"Lucky Fruit",283
819,"Fine Mushrooms",283
820,"Ugly Carrots",283
821,"Panicky Carrots",284
822,"Pickled Fruit",284
823,"S Apples",285
824,"Hot Beef",285
825,"Zany Apples",286
826,"Tricky Beets",286
827,"Handsome Apples",286
828,"Plastic Beef",286
829,"Boiling Burrito",286
830,"Defeated Honey",287
831,"Cheerful Greens",287
832,"– Bread",287
833,"Striped Burrito",287
834,"Selfish Fruit",288
835,"Few Greens",289
836,"Dirty Burrito",289
837,"Giant Apples",290
838,"Mammoth Fish",290
839,"Rainy Beef",290
840,"Yummy Greens",290
841,"Bumpy Pretzel",290
842,"Happy Apples",291
843,"Bland Beets",291
844,"Grubby Beef",292
845,"Straight Carrots",294
846,"Thirsty Mushrooms",294
847,"Greasy Mushrooms",294
848,"Melodic Fruit",295
849,"Jumpin' Mushrooms",295
850,"Bland Greens",296
851,"Brave Fish",296
852,"Hard Carrots",296
853,"Victorious Apples",296
854,"Bland Bread",297
855,"Nom nom Greens",297
856,"Sad Mushrooms",297
857,"Silky Apples",299
858,"Stale Carrots",299
859,"Comfortable Apples",299
860,"Black Pretzel",300
861,"Long Mushrooms",301
862,"Boring Burrito",301
863,"Thirsty Burrito",301
864,"Zany Pretzel",301
865,"Hurt Burrito",302
866,"Shallow Mushrooms",303
867,"Gentle Carrots",303
868,"Weak Mushrooms",303
869,"Stale Burrito",304
870,"Tender Mushrooms",304
871,"Mammoth Greens",304
872,"Squealing Chicken",305
873,"Agreeable Mushrooms",305
874,"Comfortable Fruit",306
875,"Grumpy Pretzel",306
876,"Shallow Pretzel",307
877,"Uneven Carrots",307
878,"Annoyed Fish",308
879,"Grubby Fish",308
880,"Nervous Beef",308
881,"Wooden Bread",308
882,"Lovely Mushrooms",309
883,"Lively Bread",310
884,"Ratty Beets",310
885,"Encouraging Fish",310
886,"Upset Honey",311
887,"Yellow Burrito",311
888,"Sticky Beets",312
889,"Amused Burrito",312
890,"R Chicken",312
891,"Plain Carrots",313
892,"Foolish Beets",313
893,"Spicy Honey",313
894,"Precious Apples",313
895,"Cruel Burrito",314
896,"Shivering Bread",314
897,"Many Beef",314
898,"Ugliest Beef",314
899,"Smiling Fish",315
900,"Curved Apples",315
901,"Pickled Greens",316
902,"Strange Honey",316
903,"Giant Mushrooms",316
904,"Moaning Burrito",317
905,"Arrogant Honey",317
906,"Eager Fish",318
907,"Edible Apples",318
908,"Hissing Bread",318
909,"Wide Pretzel",319
910,"Round Carrots",319
911,"Uneven Carrots",319
912,"Ripe Pretzel",319
913,"Sticky Apples",320
914,"Upset Honey",321
915,"Silent Apples",321
916,"Tender Fish",321
917,"Cooing Beets",321
918,"Silly Honey",322
919,"Zany Burrito",322
920,"Brave Beef",323
921,"Tense Greens",323
922,"Cooperative Carrots",323
923,"Numerous Greens",323
924,"Ordinary Fish",324
925,"Wonderful Bread",324
926,"Stale Burrito",325
927,"Weak Beets",325
928,"Fantastic Fruit",325
929,"Uneven Greens",325
930,"Amused Burrito",325
931,"Deafening Beets",326
932,"Hot Chicken",326
933,"Wicked Fruit",326
934,"Splendid Beef",326
935,"Greasy Honey",327
936,"Cooing Mushrooms",327
937,"Modern Beef",327
938,"Jolly Carrots",327
939,"Rough Carrots",327
940,"Petite Carrots",328
941,"Jolly Fruit",329
942,"Bright Burrito",330
943,"Average Burrito",330
944,"Faithful Fruit",330
945,"Rare Bread",331
946,"Rare Chicken",332
947,"Nervous Beef",332
948,"Testy Honey",333
949,"Hot Greens",333
950,"Repulsive Mushrooms",333
951,"Sharp Beets",333
952,"Terrible Beets",333
953,"Fine Mushrooms",334
954,"Gigantic Bread",334
955,"Annoyed Fish",334
956,"Grieving Burrito",335
957,"Wasteful Apples",335
958,"Delightful Bread",336
959,"Jittery Greens",336
960,"Deafening Apples",336
961,"Outrageous Carrots",337
962,"M Fruit",337
963,"Witty Pretzel",337
964,"Healthy Pretzel",338
965,"Ripe Beef",339
966,"Tall Honey",340
967,"Yummy Burrito",341
968,"Moist Honey",341
969,"Little Greens",341
970,"Curved Bread",342
971,"Tame Apples",343
972,"R Beets",343
973,"Purring Fruit",343
974,"Good Pretzel",343
975,"Small Honey",343
976,"Grand Bread",344
977,"Uptight Fish",344
978,"Successful Carrots",344
979,"Nervous Pretzel",344
980,"Pleasant Bread",345
981,"Fast Mushrooms",345
982,"Square Greens",345
983,"Naughty Chicken",345
984,"Naughty Carrots",346
985,"Dizzy Chicken",346
986,"Fantastic Beets",347
987,"Scattered Beets",347
988,"Dizzy Carrots",347
989,"Excited Burrito",348
990,"Weak Beef",348
991,"Itchy Carrots",348
992,"New Carrots",348
993,"Husky Mushrooms",349
994,"Frantic Beets",349
995,"Testy Mushrooms",350
996,"Encouraging Honey",350
997,"Roasted Bread",350
998,"Clumsy Honey",350
999,"Loud Pretzel",351
1000,"Stale Beef",351
1001,"– Chicken",351
1002,"Excited Apples",351
1003,"Thoughtful Greens",351
1004,"Average Mushrooms",352
1005,"Tasteless Pretzel",352
1006,"Tasteless Carrots",352
1007,"Slimy Pretzel",352
1008,"Fantastic Carrots",353
1009,"Steady Fruit",354
1010,"Tricky Pretzel",354
1011,"Sore Bread",354
1012,"Great Greens",354
1013,"Steep Bread",354
1014,"Delicious Greens",355
1015,"Stale Bread",355
1016,"Slimy Honey",355
1017,"Itchy Beef",356
1018,"Cheerful Carrots",356
1019,"Nasty Carrots",356
1020,"Resonant Carrots",357
1021,"Combative Beef",357
1022,"Grubby Bread",357
1023,"Grumpy Fish",358
1024,"Silent Apples",359
1025,"Gorgeous Carrots",359
1026,"Mute Honey",360
1027,"Squealing Fruit",360
1028,"Sad Beef",360
1029,"Husky Honey",362
1030,"Tiny Fish",362
1031,"Shivering Apples",362
1032,"Little Bread",363
1033,"Large Mushrooms",363
1034,"Average Beef",364
1035,"Tasteless Honey",364
1036,"Obnoxious Burrito",364
1037,"Tired Beets",364
1038,"Rare Pretzel",364
1039,"Skinny Carrots",365
1040,"Dizzy Mushrooms",365
1041,"Gigantic Fish",365
1042,"Nasty Fish",366
1043,"Scrumptious Beef",366
1044,"Tricky Apples",366
1045,"Shaggy Chicken",366
1046,"Silly Apples",366
1047,"Quickest Burrito",367
1048,"Frantic Fruit",367
1049,"Little Apples",367
1050,"Magnificent Greens",367
1051,"Charming Fish",368
1052,"Kickin' Fruit",368
1053,"Numerous Chicken",368
1054,"Soft Beef",368
1055,"Defiant Honey",368
1056,"Scary Beets",369
1057,"Lively Mushrooms",369
1058,"Uptight Burrito",369
1059,"Amused Chicken",369
1060,"Ancient Apples",370
1061,"Tan Fruit",370
1062,"Huge Honey",370
1063,"Watery Greens",370
1064,"Hilarious Fish",371
1065,"Thirsty Fruit",371
1066,"Melted Apples",371
1067,"Upset Bread",371
1068,"Cold Bread",371
1069,"Screeching Bread",372
1070,"Orange Honey",372
1071,"Chilly Honey",372
1072,"Jolly Honey",372
1073,"Cooing Honey",373
1074,"Boom-town Chicken",373
1075,"Wet Chicken",373
1076,"Black Honey",373
1077,"Scary Burrito",373
1078,"Zany Mushrooms",375
1079,"Young Fish",375
1080,"Low Bread",375
1081,"Tight Fish",375
1082,"Red Carrots",376
1083,"Fluffy Carrots",377
1084,"Confused Beef",377
1085,"Cold Beets",378
1086,"Silent Bread",379
1087,"Helpful Beets",379
1088,"Healthy Chicken",379
1089,"Fantastic Bread",379
1090,"Raspy Burrito",379
1091,"Moist Fish",380
1092,"Giant Apples",380
1093,"Whispering Chicken",380
1094,"Ugliest Beef",380
1095,"Determined Carrots",381
1096,"Perfect Chicken",381
1097,"Slow Carrots",381
1098,"Delightful Fish",381
1099,"Wasteful Pretzel",382
1100,"Excited Chicken",383
1101,"Savory Bread",383
1102,"Bland Greens",383
1103,"Strong Beef",383
1104,"Calm Burrito",384
1105,"Fierce Greens",384
1106,"Flat Bread",385
1107,"Bitter Beef",385
1108,"Swift Carrots",386
1109,"Hilarious Greens",386
1110,"Obedient Mushrooms",387
1111,"Nervous Beef",387
1112,"Terrible Fruit",388
1113,"Purple Burrito",388
1114,"Prickly Pretzel",389
1115,"– Apples",390
1116,"Straight Chicken",390
1117,"Embarrassed Beef",390
1118,"Swift Fish",390
1119,"Panicky Apples",390
1120,"Ratty Fish",391
1121,"Shaggy Fruit",391
1122,"Dirty Chicken",392
1123,"Pretty Fish",392
1124,"Repulsive Fish",393
1125,"Great Honey",393
1126,"New Beets",393
1127,"Moaning Bread",393
1128,"Green Beef",393
1129,"Fantastic Fruit",394
1130,"Sticky Beef",394
1131,"Stale Greens",394
1132,"Charming Beets",395
1133,"Silky Bread",395
1134,"Red Fruit",395
1135,"Quaint Fruit",396
1136,"Envious Burrito",397
1137,"Purring Carrots",397
1138,"Energetic Fruit",398
1139,"Shrill Mushrooms",398
1140,"Comfortable Mushrooms",398
1141,"Nasty Mushrooms",398
1142,"Roasted Honey",399
1143,"Early Chicken",399
1144,"Faint Burrito",399
1145,"Wooden Fish",399
1146,"Grumpy Bread",400
1147,"Handsome Greens",400
1148,"Wide Bread",400
1149,"Energetic Carrots",400
1150,"Slippery Honey",400
1151,"Ugliest Pretzel",401
1152,"Little Carrots",401
1153,"Slow Chicken",402
1154,"Frantic Bread",403
1155,"Swift Greens",403
1156,"Deafening Greens",404
1157,"Bright Beets",404
1158,"Evil Mushrooms",404
1159,"Fluffy Mushrooms",405
1160,"Tasty Burrito",405
1161,"New Carrots",405
1162,"Determined Chicken",405
1163,"Dizzy Beef",405
1164,"Crazy Fish",406
1165,"Cold Beets",406
1166,"Proud Apples",406
1167,"Embarrassed Fish",408
1168,"Shaggy Mushrooms",409
1169,"– Burrito",410
1170,"Salty Honey",410
1171,"Squealing Bread",410
1172,"Raspy Carrots",411
1173,"Eager Mushrooms",411
1174,"Shaky Bread",411
1175,"Witty Apples",412
1176,"Slimy Apples",413
1177,"Hushed Greens",413
1178,"R Greens",414
1179,"Nervous Mushrooms",414
1180,"Frail Beef",415
1181,"Naughty Mushrooms",416
1182,"Hot Pretzel",416
1183,"Chilly Bread",416
1184,"Colossal Apples",417
1185,"Filthy Fish",417
1186,"Red Carrots",417
1187,"Gorgeous Mushrooms",417
1188,"Weary Beets",421
1189,"Tender Apples",421
1190,"Wicked Beets",421
1191,"Squealing Bread",421
1192,"Silky Chicken",421
1193,"Loud Pretzel",422
1194,"Melodic Mushrooms",422
1195,"Helpless Burrito",422
1196,"Weak Mushrooms",422
1197,"Yummy Beef",422
1198,"Modern Chicken",423
1199,"Gigantic Greens",423
1200,"Comfortable Carrots",423
1201,"Stupendous Burrito",423
1202,"Voiceless Honey",424
1203,"Breezy Apples",424
1204,"Salty Honey",424
1205,"Scattered Carrots",424
1206,"Kickin' Honey",425
1207,"Shallow Pretzel",425
1208,"Round Greens",425
1209,"Scrawny Fruit",425
1210,"Wonderful Fish",425
1211,"Agreeable Greens",426
1212,"Happy Fish",426
1213,"Hot Beef",427
1214,"Mute Carrots",427
1215,"Steep Fish",427
1216,"Shaggy Carrots",428
1217,"Jolly Honey",429
1218,"Jumpin' Apples",429
1219,"Tall Honey",429
1220,"Slimy Bread",430
1221,"Cooing Greens",430
1222,"Enthusiastic Beef",431
1223,"Yellow Bread",431
1224,"Disturbed Mushrooms",431
1225,"Slimy Bread",431
1226,"Sweet Pretzel",431
1227,"Melodic Fish",432
1228,"Few Mushrooms",433
1229,"Pickled Mushrooms",433
1230,"Embarrassed Fish",433
1231,"Shivering Fish",433
1232,"Scrumptious Bread",433
1233,"Miniature Fish",434
1234,"Agreeable Fruit",434
1235,"Broken Chicken",434
1236,"Combative Fruit",434
1237,"Plastic Fruit",434
1238,"Hushed Apples",435
1239,"Fuzzy Chicken",436
1240,"Dull Apples",436
1241,"Puny Mushrooms",436
1242,"Gorgeous Bread",436
1243,"Jumpin' Apples",436
1244,"Slippery Fish",437
1245,"Eager Carrots",437
1246,"Red Pretzel",437
1247,"Handsome Beef",438
1248,"Tough Mushrooms",438
1249,"Dangerous Apples",439
1250,"Orange Chicken",439
1251,"Cold Honey",439
1252,"Boring Fish",439
1253,"Selfish Apples",440
1254,"High Mushrooms",440
1255,"Victorious Mushrooms",440
1256,"Gorgeous Fish",441
1257,"Shallow Honey",441
1258,"Grubby Chicken",442
1259,"Fast Apples",442
1260,"Large Honey",442
1261,"Arrogant Chicken",442
1262,"Mighty Mushrooms",442
1263,"Heavy Chicken",443
1264,"Sad Greens",443
1265,"Mute Beef",443
1266,"Dusty Burrito",443
1267,"Steady Beef",444
1268,"Giant Honey",444
1269,"Wide Pretzel",444
1270,"Cheesy Beets",445
1271,"Ugliest Honey",445
1272,"Perfect Carrots",445
1273,"Red Chicken",446
1274,"Repulsive Fruit",446
1275,"Scary Fish",446
1276,"Flaky Burrito",446
1277,"Broken Carrots",448
1278,"Roasted Fruit",448
1279,"Worried Honey",448
1280,"Excited Greens",448
1281,"Grand Fish",450
1282,"Broken Burrito",450
1283,"Scary Mushrooms",450
1284,"Plain Apples",450
1285,"Purring Burrito",450
1286,"Jumpin' Burrito",451
1287,"Faint Beets",451
1288,"Whispering Pretzel",451
1289,"Defiant Apples",451
1290,"Mysterious Fish",453
1291,"Scrumptious Burrito",453
1292,"Delicious Beets",453
1293,"Lively Honey",454
1294,"Friendly Carrots",454
1295,"Dangerous Honey",455
1296,"Tiny Pretzel",455
1297,"Mammoth Pretzel",455
1298,"R Honey",455
1299,"Skinny Apples",455
1300,"Cooing Honey",456
1301,"Broken Fruit",456
1302,"Nom nom Burrito",456
1303,"Salty Mushrooms",456
1304,"Huge Beef",457
1305,"Slimy Fish",457
1306,"Immense Fish",457
1307,"Nasty Mushrooms",457
1308,"Thoughtful Beef",458
1309,"Sticky Fruit",458
1310,"Quiet Beets",458
1311,"Scary Fruit",459
1312,"Naughty Carrots",459
1313,"Scary Beef",459
1314,"Anxious Fish",460
1315,"Cheesy Pretzel",34
1316,"Shivering Bread",54
1317,"Light Carrots",411
1318,"Fierce Bread",96
1319,"Awful Greens",96
1320,"Puny Beets",145
1321,"Sweet Pretzel",237
1322,"Tender Fish",258
1323,"Greasy Chicken",272
1324,"Repulsive Carrots",414
1325,"Ancient Greens",108
1326,"Purring Apples",86
1327,"Friendly Chicken",269
1328,"Cuddly Apples",438
1329,"Embarrassed Apples",139
1330,"Long Chicken",357
1331,"Faint Fruit",376
1332,"Witty Honey",238
1333,"Defeated Honey",421
1334,"Fierce Beef",2
1335,"Ancient Bread",71
1336,"Orange Apples",212
1337,"Dizzy Honey",427
1338,"Delicious Bread",55
1339,"Weak Fish",144
1340,"Fluffy Honey",339
1341,"Hot Pretzel",216
1342,"M Honey",11
1343,"Wonderful Mushrooms",275
1344,"Cool Beef",278
1345,"Hungry Chicken",460
1346,"Old Beets",118
1347,"Tired Fruit",190
1348,"Steady Honey",208
1349,"Sad Mushrooms",43
1350,"Tough Beets",104
1351,"Tense Greens",256
1352,"Obnoxious Fruit",336
1353,"Yummy Fish",393
1354,"Grubby Greens",5
1355,"Testy Beef",82
1356,"Green Carrots",175
1357,"Defeated Mushrooms",147
1358,"Proud Burrito",222
1359,"Scattered Pretzel",159
1360,"Sore Beets",353
1361,"Vast Fish",308
1362,"Courageous Beef",213
1363,"Eager Fish",312
1364,"Good Beets",413
1365,"Ordinary Beef",84
1366,"Evil Fish",104
1367,"Weak Beets",392
1368,"Tart Greens",92
1369,"Tall Mushrooms",322
1370,"Fuzzy Carrots",209
1371,"Tight Beef",359
1372,"Immense Greens",227
1373,"Rough Beef",17
1374,"Long Honey",371
1375,"Spicy Apples",313
1376,"Hungry Greens",70
1377,"Scrumptious Beef",265
1378,"Sad Apples",3
1379,"Ordinary Mushrooms",40
1380,"Lazy Fruit",50
1381,"Sweet Apples",400
1382,"Wet Chicken",439
1383,"Watery Beets",132
1384,"Cheerful Fish",458
1385,"Fantastic Fruit",304
1386,"Energetic Fruit",394
1387,"R Fish",133
1388,"Hungry Bread",455
1389,"Deafening Apples",368
1390,"Gigantic Bread",347
1391,"Mysterious Pretzel",136
1392,"Cool Beef",36
1393,"Rough Mushrooms",46
1394,"Tart Honey",56
1395,"Low Beets",401
1396,"Lucky Fruit",422
1397,"Panicky Beef",272
1398,"Beautiful Beets",52
1399,"Shivering Beef",313
1400,"Relieved Beef",286
1401,"Swift Mushrooms",199
1402,"Robust Chicken",302
1403,"Bland Bread",368
1404,"Uneven Fish",49
1405,"Weak Greens",369
1406,"Hard Chicken",424
1407,"Naughty Greens",408
1408,"Tense Apples",126
1409,"Melodic Honey",70
1410,"Disgusted Beets",54
1411,"Hurt Fish",60
1412,"Prickly Chicken",48
1413,"Charming Beef",434
1414,"Stingy Bread",59
1415,"Handsome Greens",337
1416,"Few Apples",454
1417,"Ordinary Greens",28
1418,"Screeching Beef",207
1419,"Grumpy Beef",33
1420,"Sweet Fruit",232
1421,"Pretty Chicken",325
